"filename", "language", "JavaScript", "Vue", "SCSS", "CSS", "comment", "blank", "total"
"/home/gangqiangsun/MYPROJECT/FRONTEND/aStore-edge/src/App.vue", "Vue", 0, 11, 0, 0, 0, 2, 13
"/home/gangqiangsun/MYPROJECT/FRONTEND/aStore-edge/src/assets/css/base.scss", "SCSS", 0, 0, 16, 0, 0, 3, 19
"/home/gangqiangsun/MYPROJECT/FRONTEND/aStore-edge/src/assets/css/colors.scss", "SCSS", 0, 0, 19, 0, 1, 11, 31
"/home/gangqiangsun/MYPROJECT/FRONTEND/aStore-edge/src/assets/css/global.scss", "SCSS", 0, 0, 488, 0, 3, 46, 537
"/home/gangqiangsun/MYPROJECT/FRONTEND/aStore-edge/src/assets/js/baseApi.js", "JavaScript", 160, 0, 0, 0, 2, 12, 174
"/home/gangqiangsun/MYPROJECT/FRONTEND/aStore-edge/src/assets/js/config.js", "JavaScript", 9, 0, 0, 0, 2, 5, 16
"/home/gangqiangsun/MYPROJECT/FRONTEND/aStore-edge/src/assets/js/constant.js", "JavaScript", 69, 0, 0, 0, 18, 9, 96
"/home/gangqiangsun/MYPROJECT/FRONTEND/aStore-edge/src/assets/js/cookie.js", "JavaScript", 29, 0, 0, 0, 3, 4, 36
"/home/gangqiangsun/MYPROJECT/FRONTEND/aStore-edge/src/assets/js/filter.js", "JavaScript", 75, 0, 0, 0, 0, 5, 80
"/home/gangqiangsun/MYPROJECT/FRONTEND/aStore-edge/src/assets/js/global.js", "JavaScript", 112, 0, 0, 0, 1, 14, 127
"/home/gangqiangsun/MYPROJECT/FRONTEND/aStore-edge/src/assets/js/storage.js", "JavaScript", 82, 0, 0, 0, 0, 9, 91
"/home/gangqiangsun/MYPROJECT/FRONTEND/aStore-edge/src/assets/js/swal.js", "JavaScript", 51, 0, 0, 0, 0, 6, 57
"/home/gangqiangsun/MYPROJECT/FRONTEND/aStore-edge/src/assets/js/utils.js", "JavaScript", 51, 0, 0, 0, 1, 5, 57
"/home/gangqiangsun/MYPROJECT/FRONTEND/aStore-edge/src/components/Uploader.vue", "Vue", 0, 291, 0, 0, 0, 1, 292
"/home/gangqiangsun/MYPROJECT/FRONTEND/aStore-edge/src/components/UploaderMore.vue", "Vue", 0, 291, 0, 0, 0, 1, 292
"/home/gangqiangsun/MYPROJECT/FRONTEND/aStore-edge/src/components/account/login.vue", "Vue", 0, 204, 0, 0, 10, 11, 225
"/home/gangqiangsun/MYPROJECT/FRONTEND/aStore-edge/src/components/appmagr/add.vue", "Vue", 0, 464, 0, 0, 1, 10, 475
"/home/gangqiangsun/MYPROJECT/FRONTEND/aStore-edge/src/components/appmagr/addDialog.vue", "Vue", 0, 181, 0, 0, 6, 8, 195
"/home/gangqiangsun/MYPROJECT/FRONTEND/aStore-edge/src/components/appmagr/cloudList.vue", "Vue", 0, 99, 0, 0, 0, 6, 105
"/home/gangqiangsun/MYPROJECT/FRONTEND/aStore-edge/src/components/appmagr/cloudTab/history.vue", "Vue", 0, 319, 0, 0, 3, 42, 364
"/home/gangqiangsun/MYPROJECT/FRONTEND/aStore-edge/src/components/appmagr/cloudTab/list.vue", "Vue", 0, 245, 0, 0, 6, 26, 277
"/home/gangqiangsun/MYPROJECT/FRONTEND/aStore-edge/src/components/appmagr/list.vue", "Vue", 0, 334, 0, 0, 2, 29, 365
"/home/gangqiangsun/MYPROJECT/FRONTEND/aStore-edge/src/components/bootAnimationmagr/add.vue", "Vue", 0, 392, 0, 0, 0, 8, 400
"/home/gangqiangsun/MYPROJECT/FRONTEND/aStore-edge/src/components/bootAnimationmagr/addDialog.vue", "Vue", 0, 206, 0, 0, 2, 10, 218
"/home/gangqiangsun/MYPROJECT/FRONTEND/aStore-edge/src/components/bootAnimationmagr/cloudList.vue", "Vue", 0, 109, 0, 0, 0, 9, 118
"/home/gangqiangsun/MYPROJECT/FRONTEND/aStore-edge/src/components/bootAnimationmagr/cloudTab/history.vue", "Vue", 0, 313, 0, 0, 3, 45, 361
"/home/gangqiangsun/MYPROJECT/FRONTEND/aStore-edge/src/components/bootAnimationmagr/cloudTab/list.vue", "Vue", 0, 234, 0, 0, 5, 27, 266
"/home/gangqiangsun/MYPROJECT/FRONTEND/aStore-edge/src/components/bootAnimationmagr/list.vue", "Vue", 0, 313, 0, 0, 2, 19, 334
"/home/gangqiangsun/MYPROJECT/FRONTEND/aStore-edge/src/components/bspmagr/add.vue", "Vue", 0, 611, 0, 0, 1, 11, 623
"/home/gangqiangsun/MYPROJECT/FRONTEND/aStore-edge/src/components/bspmagr/add_old.vue", "Vue", 0, 429, 0, 0, 7, 32, 468
"/home/gangqiangsun/MYPROJECT/FRONTEND/aStore-edge/src/components/bspmagr/cloudList.vue", "Vue", 0, 109, 0, 0, 0, 9, 118
"/home/gangqiangsun/MYPROJECT/FRONTEND/aStore-edge/src/components/bspmagr/cloudTab/history.vue", "Vue", 0, 303, 0, 0, 3, 42, 348
"/home/gangqiangsun/MYPROJECT/FRONTEND/aStore-edge/src/components/bspmagr/cloudTab/list.vue", "Vue", 0, 224, 0, 0, 5, 29, 258
"/home/gangqiangsun/MYPROJECT/FRONTEND/aStore-edge/src/components/bspmagr/list.vue", "Vue", 0, 341, 0, 0, 14, 19, 374
"/home/gangqiangsun/MYPROJECT/FRONTEND/aStore-edge/src/components/configuration/list.vue", "Vue", 0, 437, 0, 0, 5, 22, 464
"/home/gangqiangsun/MYPROJECT/FRONTEND/aStore-edge/src/components/dockermagr/addDialog.vue", "Vue", 0, 233, 0, 0, 12, 11, 256
"/home/gangqiangsun/MYPROJECT/FRONTEND/aStore-edge/src/components/dockermagr/cloudList.vue", "Vue", 0, 100, 0, 0, 0, 5, 105
"/home/gangqiangsun/MYPROJECT/FRONTEND/aStore-edge/src/components/dockermagr/cloudTab/history.vue", "Vue", 0, 319, 0, 0, 3, 40, 362
"/home/gangqiangsun/MYPROJECT/FRONTEND/aStore-edge/src/components/dockermagr/cloudTab/list.vue", "Vue", 0, 271, 0, 0, 6, 32, 309
"/home/gangqiangsun/MYPROJECT/FRONTEND/aStore-edge/src/components/dockermagr/list.vue", "Vue", 0, 427, 0, 0, 3, 29, 459
"/home/gangqiangsun/MYPROJECT/FRONTEND/aStore-edge/src/components/filemagr/add.vue", "Vue", 0, 484, 0, 0, 0, 14, 498
"/home/gangqiangsun/MYPROJECT/FRONTEND/aStore-edge/src/components/filemagr/addDialog.vue", "Vue", 0, 248, 0, 0, 3, 12, 263
"/home/gangqiangsun/MYPROJECT/FRONTEND/aStore-edge/src/components/filemagr/cloudList.vue", "Vue", 0, 109, 0, 0, 0, 9, 118
"/home/gangqiangsun/MYPROJECT/FRONTEND/aStore-edge/src/components/filemagr/cloudTab/history.vue", "Vue", 0, 313, 0, 0, 3, 45, 361
"/home/gangqiangsun/MYPROJECT/FRONTEND/aStore-edge/src/components/filemagr/cloudTab/list.vue", "Vue", 0, 219, 0, 0, 5, 24, 248
"/home/gangqiangsun/MYPROJECT/FRONTEND/aStore-edge/src/components/filemagr/list.vue", "Vue", 0, 323, 0, 0, 2, 21, 346
"/home/gangqiangsun/MYPROJECT/FRONTEND/aStore-edge/src/components/home.vue", "Vue", 0, 312, 0, 0, 19, 17, 348
"/home/gangqiangsun/MYPROJECT/FRONTEND/aStore-edge/src/components/linuxPkgMagr/cloudList.vue", "Vue", 0, 118, 0, 0, 0, 8, 126
"/home/gangqiangsun/MYPROJECT/FRONTEND/aStore-edge/src/components/linuxPkgMagr/cloudTab/history.vue", "Vue", 0, 325, 0, 0, 3, 45, 373
"/home/gangqiangsun/MYPROJECT/FRONTEND/aStore-edge/src/components/linuxPkgMagr/cloudTab/list.vue", "Vue", 0, 249, 0, 0, 5, 29, 283
"/home/gangqiangsun/MYPROJECT/FRONTEND/aStore-edge/src/components/linuxPkgMagr/compress.vue", "Vue", 0, 332, 0, 0, 2, 25, 359
"/home/gangqiangsun/MYPROJECT/FRONTEND/aStore-edge/src/components/linuxPkgMagr/compressAdd.vue", "Vue", 0, 54, 0, 0, 0, 6, 60
"/home/gangqiangsun/MYPROJECT/FRONTEND/aStore-edge/src/components/linuxPkgMagr/compress_add.vue", "Vue", 0, 484, 0, 0, 1, 12, 497
"/home/gangqiangsun/MYPROJECT/FRONTEND/aStore-edge/src/components/linuxPkgMagr/deb.vue", "Vue", 0, 332, 0, 0, 2, 26, 360
"/home/gangqiangsun/MYPROJECT/FRONTEND/aStore-edge/src/components/linuxPkgMagr/debAdd.vue", "Vue", 0, 54, 0, 0, 0, 6, 60
"/home/gangqiangsun/MYPROJECT/FRONTEND/aStore-edge/src/components/linuxPkgMagr/deb_add.vue", "Vue", 0, 452, 0, 0, 1, 8, 461
"/home/gangqiangsun/MYPROJECT/FRONTEND/aStore-edge/src/components/linuxPkgMagr/os.vue", "Vue", 0, 341, 0, 0, 2, 18, 361
"/home/gangqiangsun/MYPROJECT/FRONTEND/aStore-edge/src/components/linuxPkgMagr/osAdd.vue", "Vue", 0, 471, 0, 0, 1, 21, 493
"/home/gangqiangsun/MYPROJECT/FRONTEND/aStore-edge/src/components/main/footer.vue", "Vue", 0, 28, 0, 0, 0, 5, 33
"/home/gangqiangsun/MYPROJECT/FRONTEND/aStore-edge/src/components/main/header.vue", "Vue", 0, 423, 0, 0, 5, 30, 458
"/home/gangqiangsun/MYPROJECT/FRONTEND/aStore-edge/src/components/osCloud/cloudList.vue", "Vue", 0, 120, 0, 0, 0, 8, 128
"/home/gangqiangsun/MYPROJECT/FRONTEND/aStore-edge/src/components/osCloud/cloudTab/history.vue", "Vue", 0, 320, 0, 0, 3, 43, 366
"/home/gangqiangsun/MYPROJECT/FRONTEND/aStore-edge/src/components/osCloud/cloudTab/list.vue", "Vue", 0, 244, 0, 0, 5, 26, 275
"/home/gangqiangsun/MYPROJECT/FRONTEND/aStore-edge/src/components/refresh.vue", "Vue", 0, 15, 0, 0, 0, 1, 16
"/home/gangqiangsun/MYPROJECT/FRONTEND/aStore-edge/src/components/repo/addDialog.vue", "Vue", 0, 146, 0, 0, 0, 5, 151
"/home/gangqiangsun/MYPROJECT/FRONTEND/aStore-edge/src/components/repo/list.vue", "Vue", 0, 194, 0, 0, 14, 4, 212
"/home/gangqiangsun/MYPROJECT/FRONTEND/aStore-edge/src/components/restfulapi/appmagrApi.js", "JavaScript", 91, 0, 0, 0, 0, 12, 103
"/home/gangqiangsun/MYPROJECT/FRONTEND/aStore-edge/src/components/restfulapi/authApi.js", "JavaScript", 17, 0, 0, 0, 0, 3, 20
"/home/gangqiangsun/MYPROJECT/FRONTEND/aStore-edge/src/components/restfulapi/bspmagrApi.js", "JavaScript", 171, 0, 0, 0, 0, 16, 187
"/home/gangqiangsun/MYPROJECT/FRONTEND/aStore-edge/src/components/restfulapi/cloudStatusApi.js", "JavaScript", 56, 0, 0, 0, 0, 7, 63
"/home/gangqiangsun/MYPROJECT/FRONTEND/aStore-edge/src/components/restfulapi/configApi.js", "JavaScript", 26, 0, 0, 0, 0, 4, 30
"/home/gangqiangsun/MYPROJECT/FRONTEND/aStore-edge/src/components/restfulapi/dockercomposeApi.js", "JavaScript", 132, 0, 0, 0, 0, 14, 146
"/home/gangqiangsun/MYPROJECT/FRONTEND/aStore-edge/src/components/restfulapi/exemagrApi.js", "JavaScript", 87, 0, 0, 0, 0, 10, 97
"/home/gangqiangsun/MYPROJECT/FRONTEND/aStore-edge/src/components/restfulapi/filemagrApi.js", "JavaScript", 96, 0, 0, 0, 0, 10, 106
"/home/gangqiangsun/MYPROJECT/FRONTEND/aStore-edge/src/components/restfulapi/handleResponse.js", "JavaScript", 30, 0, 0, 0, 0, 2, 32
"/home/gangqiangsun/MYPROJECT/FRONTEND/aStore-edge/src/components/restfulapi/linuxPkgApi.js", "JavaScript", 88, 0, 0, 0, 0, 9, 97
"/home/gangqiangsun/MYPROJECT/FRONTEND/aStore-edge/src/components/restfulapi/repoApi.js", "JavaScript", 53, 0, 0, 0, 0, 7, 60
"/home/gangqiangsun/MYPROJECT/FRONTEND/aStore-edge/src/components/restfulapi/repoTypeApi.js", "JavaScript", 50, 0, 0, 0, 0, 7, 57
"/home/gangqiangsun/MYPROJECT/FRONTEND/aStore-edge/src/components/restfulapi/storageApi.js", "JavaScript", 44, 0, 0, 0, 0, 6, 50
"/home/gangqiangsun/MYPROJECT/FRONTEND/aStore-edge/src/components/restfulapi/userApi.js", "JavaScript", 120, 0, 0, 0, 0, 15, 135
"/home/gangqiangsun/MYPROJECT/FRONTEND/aStore-edge/src/components/user/list.vue", "Vue", 0, 328, 0, 0, 2, 20, 350
"/home/gangqiangsun/MYPROJECT/FRONTEND/aStore-edge/src/components/windowsPkgMagr/cloudList.vue", "Vue", 0, 118, 0, 0, 0, 7, 125
"/home/gangqiangsun/MYPROJECT/FRONTEND/aStore-edge/src/components/windowsPkgMagr/cloudTab/history.vue", "Vue", 0, 325, 0, 0, 3, 43, 371
"/home/gangqiangsun/MYPROJECT/FRONTEND/aStore-edge/src/components/windowsPkgMagr/cloudTab/list.vue", "Vue", 0, 266, 0, 0, 5, 29, 300
"/home/gangqiangsun/MYPROJECT/FRONTEND/aStore-edge/src/components/windowsPkgMagr/exe.vue", "Vue", 0, 345, 0, 0, 2, 25, 372
"/home/gangqiangsun/MYPROJECT/FRONTEND/aStore-edge/src/components/windowsPkgMagr/exeAdd.vue", "Vue", 0, 52, 0, 0, 0, 7, 59
"/home/gangqiangsun/MYPROJECT/FRONTEND/aStore-edge/src/components/windowsPkgMagr/exe_add.vue", "Vue", 0, 461, 0, 0, 1, 8, 470
"/home/gangqiangsun/MYPROJECT/FRONTEND/aStore-edge/src/components/windowsPkgMagr/os.vue", "Vue", 0, 338, 0, 0, 2, 18, 358
"/home/gangqiangsun/MYPROJECT/FRONTEND/aStore-edge/src/components/windowsPkgMagr/osAdd.vue", "Vue", 0, 472, 0, 0, 1, 20, 493
"/home/gangqiangsun/MYPROJECT/FRONTEND/aStore-edge/src/components/windowsPkgMagr/zip.vue", "Vue", 0, 333, 0, 0, 2, 27, 362
"/home/gangqiangsun/MYPROJECT/FRONTEND/aStore-edge/src/components/windowsPkgMagr/zipAdd.vue", "Vue", 0, 52, 0, 0, 0, 8, 60
"/home/gangqiangsun/MYPROJECT/FRONTEND/aStore-edge/src/components/windowsPkgMagr/zip_add.vue", "Vue", 0, 471, 0, 0, 1, 13, 485
"/home/gangqiangsun/MYPROJECT/FRONTEND/aStore-edge/src/lang/en.js", "JavaScript", 461, 0, 0, 0, 29, 25, 515
"/home/gangqiangsun/MYPROJECT/FRONTEND/aStore-edge/src/lang/lang.js", "JavaScript", 34, 0, 0, 0, 0, 14, 48
"/home/gangqiangsun/MYPROJECT/FRONTEND/aStore-edge/src/lang/zh.js", "JavaScript", 458, 0, 0, 0, 29, 24, 511
"/home/gangqiangsun/MYPROJECT/FRONTEND/aStore-edge/src/main.js", "JavaScript", 38, 0, 0, 0, 6, 11, 55
"/home/gangqiangsun/MYPROJECT/FRONTEND/aStore-edge/src/mock/mock.js", "JavaScript", 7, 0, 0, 0, 0, 2, 9
"/home/gangqiangsun/MYPROJECT/FRONTEND/aStore-edge/src/mock/mockdata.js", "JavaScript", 12, 0, 0, 0, 0, 1, 13
"/home/gangqiangsun/MYPROJECT/FRONTEND/aStore-edge/src/models/file-md5.js", "JavaScript", 31, 0, 0, 0, 0, 10, 41
"/home/gangqiangsun/MYPROJECT/FRONTEND/aStore-edge/src/models/file-url.js", "JavaScript", 11, 0, 0, 0, 0, 1, 12
"/home/gangqiangsun/MYPROJECT/FRONTEND/aStore-edge/src/plugins/js-spark-md5.js", "JavaScript", 501, 0, 0, 0, 162, 112, 775
"/home/gangqiangsun/MYPROJECT/FRONTEND/aStore-edge/src/router/index.js", "JavaScript", 7, 0, 0, 0, 0, 4, 11
"/home/gangqiangsun/MYPROJECT/FRONTEND/aStore-edge/src/router/route.js", "JavaScript", 303, 0, 0, 0, 5, 18, 326
"/home/gangqiangsun/MYPROJECT/FRONTEND/aStore-edge/src/style/global.css", "CSS", 0, 0, 0, 9, 2, 4, 15
"/home/gangqiangsun/MYPROJECT/FRONTEND/aStore-edge/src/style/mixin.scss", "SCSS", 0, 0, 52, 0, 0, 9, 61
"/home/gangqiangsun/MYPROJECT/FRONTEND/aStore-edge/src/vuex/actions.js", "JavaScript", 15, 0, 0, 0, 0, 3, 18
"/home/gangqiangsun/MYPROJECT/FRONTEND/aStore-edge/src/vuex/getters.js", "JavaScript", 3, 0, 0, 0, 1, 2, 6
"/home/gangqiangsun/MYPROJECT/FRONTEND/aStore-edge/src/vuex/mutations.js", "JavaScript", 15, 0, 0, 0, 0, 4, 19
"/home/gangqiangsun/MYPROJECT/FRONTEND/aStore-edge/src/vuex/state.js", "JavaScript", 7, 0, 0, 0, 0, 2, 9
"/home/gangqiangsun/MYPROJECT/FRONTEND/aStore-edge/src/vuex/store.js", "JavaScript", 13, 0, 0, 0, 0, 3, 16
"Total", "-", 3615, 18081, 575, 9, 459, 1728, 24467